#chr	start	end	mean_bad	id	max_cover	ref	alt	n_reps	bads	scorefiles	ref_counts	alt_counts	ref_es	alt_es	ref_pval	alt_pval	ref_comb_es	alt_comb_es	ref_comb_pval	alt_comb_pval	ref_fdr_comb_pval	alt_fdr_comb_pval	pref_allele	comb_es	comb_pval	fdr_comb_pval
chr16	46389973	46389974	3.0	rs4404093	345	C	G	1	3	ZNF516/ZNF516.THC_0419.Rep-MICHELLE_0314.vcf.gz	99	246	-0.6304425837004093	1.4498879994913343	0.1625184791828735	0.1588458038311699	-0.6304425837004093	1.4498879994913343	0.1625184791828735	0.1588458038311699	0.3571699237938953	0.3707378596797962	alt	1.4498879994913343	0.1588458038311699	0.3707378596797962
chr16	46401544	46401545	3.0	rs4493078	79	A	G	1	3	ZNF516/ZNF516.THC_0419.Rep-MICHELLE_0314.vcf.gz	31	48	-0.1851527057258826	0.494571722713518	0.1821596186888373	0.3065079125424596	-0.1851527057258826	0.494571722713518	0.1821596186888373	0.3065079125424596	0.3571699237938953	0.3707378596797962	ref	-0.1851527057258826	0.1821596186888373	0.3571699237938953
chr1	224013942	224013943	3.0	rs111205833	38	T	C	1	3	ZNF516/ZNF516.THC_0419.Rep-MICHELLE_0314.vcf.gz	23	15	0.3742260605198142	-0.9086627668337915	0.2857359390351163	0.3660005682436931	0.3742260605198142	-0.9086627668337915	0.2857359390351163	0.3660005682436931	0.3571699237938953	0.3707378596797962	ref	0.3742260605198142	0.2857359390351163	0.3571699237938953
chr1	224014168	224014169	3.0	rs56651706	45	G	A	1	3	ZNF516/ZNF516.THC_0419.Rep-MICHELLE_0314.vcf.gz	18	27	-0.3994035131214559	0.1051355508187947	0.2376681046423981	0.3707378596797962	-0.3994035131214559	0.1051355508187947	0.2376681046423981	0.3707378596797962	0.3571699237938953	0.3707378596797962	ref	-0.3994035131214559	0.2376681046423981	0.3571699237938953
chr10	38528687	38528688	3.0	rs4934958	53	G	C	1	3	ZNF516/ZNF516.THC_0419.Rep-MICHELLE_0314.vcf.gz	10	43	-1.6739594332759649	1.3757793761161627	0.826969247159982	0.0613778972551757	-1.6739594332759649	1.3757793761161627	0.826969247159982	0.0613778972551757	0.826969247159982	0.3068894862758788	alt	1.3757793761161627	0.0613778972551757	0.3068894862758788
