#chr	start	end	mean_bad	id	max_cover	ref	alt	n_reps	bads	scorefiles	ref_counts	alt_counts	ref_es	alt_es	ref_pval	alt_pval	ref_comb_es	alt_comb_es	ref_comb_pval	alt_comb_pval	ref_fdr_comb_pval	alt_fdr_comb_pval	pref_allele	comb_es	comb_pval	fdr_comb_pval
chr8	37638002	37638003	2.0	rs6992720	37	G	A	1	2	ZNF703/ZNF703.THC_0495.vcf.gz	27	10	1.2343614978681354	-1.1721573767967484	0.057831486557154	0.7859951486180603	1.2343614978681354	-1.1721573767967484	0.057831486557154	0.7859951486180603	0.2891574327857701	0.7859951486180603	ref	1.2343614978681354	0.057831486557154	0.2891574327857701
chr1	941766	941767	2.0	rs114982608	20	G	A	1	2	ZNF703/ZNF703.THC_0495.vcf.gz	7	13	-0.9529152109233396	0.5072415268096933	0.7396725459077912	0.1938246411981826	-0.9529152109233396	0.5072415268096933	0.7396725459077912	0.1938246411981826	0.9998783382042932	0.2422808014977282	alt	0.5072415268096933	0.1938246411981826	0.2422808014977282
chr7	27165662	27165663	1.0	rs3801776	21	A	G	1	1	ZNF703/ZNF703.THC_0495.vcf.gz	8	13	-0.5808757767455481	0.5916884619212723	0.8073649768482455	0.1273652933844368	-0.5808757767455481	0.5916884619212723	0.8073649768482455	0.1273652933844368	0.9998783382042932	0.2122754889740614	alt	0.5916884619212723	0.1273652933844368	0.2122754889740614
chr16	46401544	46401545	3.0	rs4493078	90	A	G	1	3	ZNF703/ZNF703.THC_0495.vcf.gz	7	83	-2.9578845920205006	2.775422994201546	0.9998783382042932	1.0061266925265578e-05	-2.9578845920205006	2.775422994201546	0.9998783382042932	1.0061266925265578e-05	0.9998783382042932	5.030633462632789e-05	alt	2.775422994201546	1.0061266925265578e-05	5.030633462632789e-05
chr11	94238981	94238982	2.0	rs4313535	30	T	C	1	2	ZNF703/ZNF703.THC_0495.vcf.gz	6	24	-1.7996082656342258	1.5091864104396713	0.968624277596269	0.0166945214748122	-1.7996082656342258	1.5091864104396713	0.968624277596269	0.0166945214748122	0.9998783382042932	0.0417363036870305	alt	1.5091864104396713	0.0166945214748122	0.0417363036870305
