#chr	start	end	mean_bad	id	max_cover	ref	alt	n_reps	bads	scorefiles	ref_counts	alt_counts	ref_es	alt_es	ref_pval	alt_pval	ref_comb_es	alt_comb_es	ref_comb_pval	alt_comb_pval	ref_fdr_comb_pval	alt_fdr_comb_pval	pref_allele	comb_es	comb_pval	fdr_comb_pval
chr16	46389973	46389974	3.0	rs4404093	174	C	G	2	3,3	SALL3/SALL3.THC_0314.Rep-DIANA_0293.vcf.gz,SALL3/SALL3.THC_0314.Rep-MICHELLE_0314.vcf.gz	33,60	65,114	-0.4277250841149103,-0.2707305912997473	0.8647781048255077,1.0202555005058649	0.1767014889695548,0.1615214304570185	0.27324975835043147,0.25649798450176736	-0.3472452392663612	0.9443671285148124	0.1005582601470456	0.2021265826270558	0.3424096335519337	0.4474292884087014	ref	-0.3472452392663612	0.1005582601470456	0.3424096335519337
chr16	46388252	46388253	2.0	rs200614524	44	T	C	1	2	SALL3/SALL3.THC_0314.Rep-MICHELLE_0314.vcf.gz	25	19	0.5118604593963321	-0.1537473410167154	0.2568072251639503	0.335571966306526	0.5118604593963321	-0.1537473410167154	0.2568072251639503	0.335571966306526	0.3424096335519337	0.4474292884087014	ref	0.5118604593963321	0.2568072251639503	0.3424096335519337
chr16	46401544	46401545	3.0	rs4493078	41	A	G	2	3,3	SALL3/SALL3.THC_0314.Rep-DIANA_0293.vcf.gz,SALL3/SALL3.THC_0314.Rep-MICHELLE_0314.vcf.gz	13,11	13,30	-0.3435271973659497,-1.1922008449874255	-0.6489010887139215,0.7387522732314036	0.3492520789976028,0.4911915217056565	0.4425392869005069,0.2323059610490845	-0.6857735237367484	0.241482849499853	0.3929550798588815	0.2788686420840731	0.3929550798588815	0.4474292884087014	alt	0.241482849499853	0.2788686420840731	0.4474292884087014
chr8	7066361	7066362	2.0	rs7844029	25	T	A	1	2	SALL3/SALL3.THC_0314.Rep-MICHELLE_0314.vcf.gz	16	9	0.5736856048094885	-0.7634725375089628	0.2013671188703402	0.6049154464177311	0.5736856048094885	-0.7634725375089628	0.2013671188703402	0.6049154464177311	0.3424096335519337	0.6049154464177311	ref	0.5736856048094885	0.2013671188703402	0.3424096335519337
