#chr	start	end	mean_bad	id	max_cover	ref	alt	n_reps	bads	scorefiles	ref_counts	alt_counts	ref_es	alt_es	ref_pval	alt_pval	ref_comb_es	alt_comb_es	ref_comb_pval	alt_comb_pval	ref_fdr_comb_pval	alt_fdr_comb_pval	pref_allele	comb_es	comb_pval	fdr_comb_pval
chr14	90383207	90383208	2.0	rs117680626	56	T	C	1	2	CAMTA1/CAMTA1.THC_0249.vcf.gz	22	34	-0.3424856982062376	0.8409837145515384	0.357601617811491	0.1931604066572319	-0.3424856982062376	0.8409837145515384	0.357601617811491	0.1931604066572319	0.476802157081988	0.5645819113422061	alt	0.8409837145515384	0.1931604066572319	0.5645819113422061
chr16	1272108	1272109	2.0	rs9933940	23	A	G	1	2	CAMTA1/CAMTA1.THC_0249.vcf.gz	13	10	0.1799137138457593	-0.4191825205611432	0.313415767472362	0.48270243870059	0.1799137138457593	-0.4191825205611432	0.313415767472362	0.48270243870059	0.476802157081988	0.6436032516007867	ref	0.1799137138457593	0.313415767472362	0.476802157081988
chr11	20387461	20387462	1.0	rs11025544	22	C	G	1	1	CAMTA1/CAMTA1.THC_0249.vcf.gz	10	12	-0.1762493035144241	0.2918210281287665	0.5874537103859564	0.282290955671103	-0.1762493035144241	0.2918210281287665	0.5874537103859564	0.282290955671103	0.5874537103859564	0.5645819113422061	alt	0.2918210281287665	0.282290955671103	0.5645819113422061
chr18	79200726	79200727	2.0	rs28687390	20	G	A	1	2	CAMTA1/CAMTA1.THC_0249.vcf.gz	14	6	0.7184118947176996	-1.227452123787342	0.1294915305691821	0.8734212129473354	0.7184118947176996	-1.227452123787342	0.1294915305691821	0.8734212129473354	0.476802157081988	0.8734212129473354	ref	0.7184118947176996	0.1294915305691821	0.476802157081988
