#chr	start	end	mean_bad	id	max_cover	ref	alt	n_reps	bads	scorefiles	ref_counts	alt_counts	ref_es	alt_es	ref_pval	alt_pval	ref_comb_es	alt_comb_es	ref_comb_pval	alt_comb_pval	ref_fdr_comb_pval	alt_fdr_comb_pval	pref_allele	comb_es	comb_pval	fdr_comb_pval
chr16	46389973	46389974	3.0	rs4404093	245	C	G	1	3	ZNF233/ZNF233.THC_0431.Rep-MICHELLE_0314.vcf.gz	86	159	-0.2169379713110011	1.0156503219933848	0.1614073807077808	0.2632673135606212	-0.2169379713110011	1.0156503219933848	0.1614073807077808	0.2632673135606212	0.586593719988901	0.309235366030176	ref	-0.2169379713110011	0.1614073807077808	0.586593719988901
chr16	46388252	46388253	2.0	rs200614524	40	T	C	1	2	ZNF233/ZNF233.THC_0431.Rep-MICHELLE_0314.vcf.gz	21	19	0.2603216924003684	0.0553926861559936	0.2932968599944505	0.309235366030176	0.2603216924003684	0.0553926861559936	0.2932968599944505	0.309235366030176	0.586593719988901	0.309235366030176	ref	0.2603216924003684	0.2932968599944505	0.586593719988901
chr16	46401544	46401545	3.0	rs4493078	88	A	G	1	3	ZNF233/ZNF233.THC_0431.Rep-MICHELLE_0314.vcf.gz	26	62	-0.7106452388774178	1.0059737859431426	0.2339645509741899	0.236234349804963	-0.7106452388774178	1.0059737859431426	0.2339645509741899	0.236234349804963	0.586593719988901	0.309235366030176	ref	-0.7106452388774178	0.2339645509741899	0.586593719988901
chr16	46390789	46390790	3.0	rs4249114	304	C	G	1	3	ZNF233/ZNF233.THC_0431.Rep-MICHELLE_0314.vcf.gz	17	287	-3.3913060605292253	3.562893334208998	0.9999999999999536	3.8792277050583013e-16	-3.3913060605292253	3.562893334208998	0.9999999999999536	3.879227705058301e-16	0.9999999999999536	2.3275366230349808e-15	alt	3.562893334208998	3.879227705058301e-16	2.3275366230349808e-15
chr1	224946113	224946114	4.0	rs2501068	26	C	G	1	4	ZNF233/ZNF233.THC_0431.Rep-MICHELLE_0314.vcf.gz	6	20	-1.9115789313708629	0.77843202505061	0.7635334712136369	0.1571069549532078	-1.9115789313708629	0.77843202505061	0.7635334712136369	0.1571069549532078	0.9999999999999536	0.309235366030176	alt	0.77843202505061	0.1571069549532078	0.309235366030176
chr7	138426886	138426887	2.0	rs2883142	25	G	A	1	2	ZNF233/ZNF233.THC_0431.Rep-MICHELLE_0314.vcf.gz	7	18	-1.2609923397394307	0.9767268101109132	0.8354312368063866	0.0857540468567347	-1.2609923397394307	0.9767268101109132	0.8354312368063866	0.0857540468567347	0.9999999999999536	0.2572621405702041	alt	0.9767268101109132	0.0857540468567347	0.2572621405702041
