#chr	start	end	mean_bad	id	max_cover	ref	alt	n_reps	bads	scorefiles	ref_counts	alt_counts	ref_es	alt_es	ref_pval	alt_pval	ref_comb_es	alt_comb_es	ref_comb_pval	alt_comb_pval	ref_fdr_comb_pval	alt_fdr_comb_pval	pref_allele	comb_es	comb_pval	fdr_comb_pval
chr8	37638002	37638003	2.0	rs6992720	21	G	A	1	2	ZNF503/ZNF503.THC_0203.vcf.gz	14	7	0.5979368456967236	-1.005059702450894	0.17197268708699995	0.7543814966954766	0.5979368456967236	-1.005059702450894	0.1719726870869999	0.7543814966954766	0.1719726870869999	0.7543814966954766	ref	0.5979368456967236	0.1719726870869999	0.1719726870869999
chr1	940389	940390	2.0	rs4970379	35	A	G	2	2,2	ZNF503/ZNF503.THC_0203.vcf.gz,ZNF503/ZNF503.THC_0211.vcf.gz	24,18	9,17	1.1586481055306446,0.15266110560423396	-1.182077548528512,0.03700476433995803	0.06686163260367467,0.31691314979280355	0.7897164613784985,0.33156688037268606	0.858718133287196	-0.1777721259945158	0.0868574579870098	0.6014167616863318	0.1719726870869999	0.7543814966954766	ref	0.858718133287196	0.0868574579870098	0.1719726870869999
