#chr	start	end	mean_bad	id	max_cover	ref	alt	n_reps	bads	scorefiles	ref_counts	alt_counts	ref_es	alt_es	ref_pval	alt_pval	ref_comb_es	alt_comb_es	ref_comb_pval	alt_comb_pval	ref_fdr_comb_pval	alt_fdr_comb_pval	pref_allele	comb_es	comb_pval	fdr_comb_pval
chr3	198172996	198172997	3.0	rs111215245	32	G	A	1	3	ZNF827/ZNF827.YWS_B_AffSeq_D10_ZNF827-DBD1.Cycle2.vcf.gz	22	10	0.7137686087222841	-1.4790413715232682	0.16772100990244196	0.6091096499253232	0.7137686087222841	-1.4790413715232682	0.1677210099024419	0.6091096499253232	0.3823771262519221	0.8386664458069992	ref	0.7137686087222841	0.1677210099024419	0.3823771262519221
chr1	11440189	11440190	3.0	rs12132727	42	A	T	2	3,3	ZNF827/ZNF827.YWS_B_AffSeq_D10_ZNF827-DBD1.Cycle1.vcf.gz,ZNF827/ZNF827.YWS_B_AffSeq_D10_ZNF827-DBD1.Cycle2.vcf.gz	7,26	10,16	-0.938308087857409,0.4137020314092741	-0.4717542777959678,-0.9312575282803586	0.7283851917338694,0.31888573639157664	0.5503414850291501,0.6446070505308615	0.1201877410209407	-0.6664551434788152	0.5374879669443179	0.6289998343552494	0.7166506225924238	0.8386664458069992	ref	0.1201877410209407	0.5374879669443179	0.7166506225924238
chr18	63797	63798	2.0	rs114940637	62	C	T	2	2,2	ZNF827/ZNF827.YWS_B_AffSeq_D10_ZNF827-DBD1.Cycle1.vcf.gz,ZNF827/ZNF827.YWS_B_AffSeq_D10_ZNF827-DBD1.Cycle2.vcf.gz	23,39	15,23	0.45406138526463113,0.7006090892786707	-0.7142561521885158,-0.7267844828413779	0.2672882726317756,0.24354007347711104	0.5297236504638109,0.49661210246168436	0.5815338403644144	-0.7208231065987323	0.191188563125961	0.5174004574780607	0.3823771262519221	0.8386664458069992	ref	0.5815338403644144	0.191188563125961	0.3823771262519221
chr22	44626540	44626541	6.0	rs112506930	34	A	G	1	6	ZNF827/ZNF827.YWS_B_AffSeq_D10_ZNF827-DBD1.Cycle2.vcf.gz	20	14	-1.8935404899515023	-3.0318690492520735	0.9886465588226925	0.9999517292209021	-1.8935404899515025	-3.031869049252073	0.9886465588226924	0.999951729220902	0.9886465588226924	0.999951729220902	ref	-1.8935404899515025	0.9886465588226924	0.9886465588226924
