#chr	start	end	mean_bad	id	max_cover	ref	alt	n_reps	bads	scorefiles	ref_counts	alt_counts	ref_es	alt_es	ref_pval	alt_pval	ref_comb_es	alt_comb_es	ref_comb_pval	alt_comb_pval	ref_fdr_comb_pval	alt_fdr_comb_pval	pref_allele	comb_es	comb_pval	fdr_comb_pval
chr16	46389973	46389974	3.0	rs4404093	30	C	G	1	3	ZNF596/ZNF596.AATA_AffSeq_D8_ZNF596.Cycle1.vcf.gz	12	18	-0.7568842190437062	-0.1146289245367437	0.611749082445741	0.4825753457655278	-0.7568842190437062	-0.1146289245367437	0.611749082445741	0.4825753457655278	0.611749082445741	0.4825753457655278	alt	-0.1146289245367437	0.4825753457655278	0.4825753457655278
