#chr	start	end	mean_bad	id	max_cover	ref	alt	n_reps	bads	scorefiles	ref_counts	alt_counts	ref_es	alt_es	ref_pval	alt_pval	ref_comb_es	alt_comb_es	ref_comb_pval	alt_comb_pval	ref_fdr_comb_pval	alt_fdr_comb_pval	pref_allele	comb_es	comb_pval	fdr_comb_pval
chr16	46389973	46389974	3.0	rs4404093	237	C	G	4	3,3,3,3	TSHZ2/TSHZ2.YWH_B_AffSeq_B06_TSHZ2_DBD_2.Cycle1.vcf.gz,TSHZ2/TSHZ2.YWH_B_AffSeq_B06_TSHZ2_DBD_2.Cycle2.vcf.gz,TSHZ2/TSHZ2.YWH_B_AffSeq_B06_TSHZ2_DBD_2.Cycle3.vcf.gz,TSHZ2/TSHZ2.YWH_B_AffSeq_B06_TSHZ2_DBD_2.Cycle4.vcf.gz	15,45,80,51	23,97,157,100	-0.5113821709144792,-1.041210516849322,-0.884922934519718,-0.9029499625664927	0.03445814059955321,0.7854161609726598,0.6346205897693045,0.7783787154057675	0.6169165043592997,0.3366758521001585,0.33538252622093356,0.33552624868703285	0.46133753939717886,0.2028594418519599,0.3957810696011542,0.1701311278892383	-0.887425024001357	0.6407143789102139	0.3277631719278051	0.1597124458189997	0.4545280849092626	0.2395686687284996	alt	0.6407143789102139	0.1597124458189997	0.2395686687284996
chr16	46401544	46401545	3.0	rs4493078	85	A	G	3	3,3,3	TSHZ2/TSHZ2.YWH_B_AffSeq_B06_TSHZ2_DBD_2.Cycle1.vcf.gz,TSHZ2/TSHZ2.YWH_B_AffSeq_B06_TSHZ2_DBD_2.Cycle2.vcf.gz,TSHZ2/TSHZ2.YWH_B_AffSeq_B06_TSHZ2_DBD_2.Cycle3.vcf.gz	5,17,23	9,45,62	-1.3648950263928277,-1.305550678240671,-1.4038358483989537	-0.488418606348092,0.9229909176260129,1.1639310498942281	1.0,0.521643063297966,0.4102698671866703	0.5560764100570844,0.12383310290410271,0.06620296572372593	-1.3623487124916007	0.8906898490664463	0.4545280849092626	0.0785325858623236	0.4545280849092626	0.2355977575869709	alt	0.8906898490664463	0.0785325858623236	0.2355977575869709
chr2	90401257	90401258	2.0	rs373433554	27	A	G	1	2	TSHZ2/TSHZ2.YWH_B_AffSeq_B06_TSHZ2_DBD_2.Cycle2.vcf.gz	15	12	-0.050012692913218526	-0.6103645578743038	0.33401072971052936	0.5066908323819848	-0.0500126929132185	-0.6103645578743038	0.3340107297105293	0.5066908323819848	0.4545280849092626	0.5066908323819848	ref	-0.0500126929132185	0.3340107297105293	0.4545280849092626
