#chr	start	end	mean_bad	id	max_cover	ref	alt	n_reps	bads	scorefiles	ref_counts	alt_counts	ref_es	alt_es	ref_pval	alt_pval	ref_comb_es	alt_comb_es	ref_comb_pval	alt_comb_pval	ref_fdr_comb_pval	alt_fdr_comb_pval	pref_allele	comb_es	comb_pval	fdr_comb_pval
chr1	215295022	215295023	2.0	rs10864173	1916	G	A	2	2,2	ZNF773/ZNF773.YWS_B_AffSeq_F8_ZNF773-FL.Cycle2.vcf.gz,ZNF773/ZNF773.YWS_B_AffSeq_F8_ZNF773-FL.Cycle3.vcf.gz	21,420	58,1496	-1.233483033118901,-1.3002116256521177	1.2803692082554727,1.7722595453729255	0.7067467843360673,0.6517186824933183	0.08721892656853344,6.911064988798091e-26	-1.2703359823531095	1.752385158025076	0.731928888332424	2.079291905805407e-13	0.731928888332424	4.158583811610814e-13	alt	1.752385158025076	2.079291905805407e-13	4.158583811610814e-13
chr18	1699775	1699776	2.0	rs72863903	219	G	A	2	2,2	ZNF773/ZNF773.YWS_B_AffSeq_F8_ZNF773-FL.Cycle2.vcf.gz,ZNF773/ZNF773.YWS_B_AffSeq_F8_ZNF773-FL.Cycle3.vcf.gz	21,190	16,29	0.24546118867510192,2.806546949633229	-0.5776117868720991,-2.772264010051966	0.31771546891000657,1.516371521225669e-11	0.47237913915727003,0.9999999994454861	2.6938576429919974	-0.577611788494777	1.7612778493861063e-08	0.999999813356289	3.5225556987722133e-08	0.999999813356289	ref	2.6938576429919974	1.7612778493861063e-08	3.5225556987722133e-08
