#chr	start	end	mean_bad	id	max_cover	ref	alt	n_reps	bads	scorefiles	ref_counts	alt_counts	ref_es	alt_es	ref_pval	alt_pval	ref_comb_es	alt_comb_es	ref_comb_pval	alt_comb_pval	ref_fdr_comb_pval	alt_fdr_comb_pval	pref_allele	comb_es	comb_pval	fdr_comb_pval
chr17	36817086	36817087	2.0	rs2411173	20	C	T	2	2,2	ZNF234/ZNF234.YWR_B_AffSeq_G2_ZNF234-FL.Cycle2.vcf.gz,ZNF234/ZNF234.YWR_B_AffSeq_G2_ZNF234-FL.Cycle3.vcf.gz	6,13	6,7	-0.837918196437172,0.18377478986708606	-0.904866493261868,-1.2370421610538371	0.825869690143074,0.28795193548094655	0.8478515115903567,0.8518292963471266	0.0476811693139324	-1.0685654173306198	0.6060490636024691	0.9167966368547152	0.6060490636024691	0.9167966368547152	ref	0.0476811693139324	0.6060490636024691	0.6060490636024691
chr18	10583248	10583249	2.0	rs76420134	385	C	T	2	2,2	ZNF234/ZNF234.YWR_B_AffSeq_G2_ZNF234-FL.Cycle2.vcf.gz,ZNF234/ZNF234.YWR_B_AffSeq_G2_ZNF234-FL.Cycle3.vcf.gz	19,192	21,193	-0.2692698076688904,0.3673774817756392	-0.1288307538567679,-0.05289486030166568	0.4080069503204402,0.47135575916437483	0.31566196657470597,0.4166894823530838	0.0211859844303459	-0.0960600218413053	0.4202492766697653	0.3236782418906596	0.5603323688930204	0.8334275106335203	alt	-0.0960600218413053	0.3236782418906596	0.8334275106335203
chr12	91760686	91760687	2.0	rs1389474	376	G	A	2	2,2	ZNF234/ZNF234.YWR_B_AffSeq_G2_ZNF234-FL.Cycle2.vcf.gz,ZNF234/ZNF234.YWR_B_AffSeq_G2_ZNF234-FL.Cycle3.vcf.gz	14,218	5,158	0.4290524371679676,0.8018036446176007	-1.7907243471971666,-0.5247929734484131	0.18326436147119501,0.11431047503942666	1.0,0.41671375531676014	0.6381851813735416	-0.5247929734484131	0.079019902106039	0.4167137553167601	0.3160796084241562	0.8334275106335203	ref	0.6381851813735416	0.079019902106039	0.3160796084241562
chr18	34491437	34491438	3.0	rs72639491	51	G	A	1	3	ZNF234/ZNF234.YWR_B_AffSeq_G2_ZNF234-FL.Cycle3.vcf.gz	33	18	0.7025473995935911	-1.0737165151901014	0.20397037927702014	0.6743494082865064	0.7025473995935911	-1.0737165151901014	0.2039703792770201	0.6743494082865064	0.4079407585540403	0.8991325443820085	ref	0.7025473995935911	0.2039703792770201	0.4079407585540403
