#chr	start	end	mean_bad	id	max_cover	ref	alt	n_reps	bads	scorefiles	ref_counts	alt_counts	ref_es	alt_es	ref_pval	alt_pval	ref_comb_es	alt_comb_es	ref_comb_pval	alt_comb_pval	ref_fdr_comb_pval	alt_fdr_comb_pval	pref_allele	comb_es	comb_pval	fdr_comb_pval
chr16	46389973	46389974	3.0	rs4404093	52	C	G	2	3,3	ZNF264/ZNF264.AATA_AffSeq_C7_ZNF264.Cycle1.vcf.gz,ZNF264/ZNF264.AATA_AffSeq_C7_ZNF264.Cycle3.vcf.gz	18,7	34,8	-0.7148816788461083,-0.901494639376546	0.4293556343539917,-0.79368237268333	0.6444857705962798,0.6832334373303303	0.3330995612991108,0.6378412795883928	-0.8015465478333195	0.0743100612085475	0.7125198207357046	0.478856981153299	0.7125198207357046	0.6739294550411971	alt	0.0743100612085475	0.478856981153299	0.6739294550411971
chr21	39664698	39664699	3.0	rs9976825	23	A	G	1	3	ZNF264/ZNF264.AATA_AffSeq_C7_ZNF264.Cycle3.vcf.gz	14	9	0.12053180077741432	-1.2233694444904444	0.3723046734233368	0.6739294550411971	0.1205318007774143	-1.2233694444904444	0.3723046734233368	0.6739294550411971	0.7125198207357046	0.6739294550411971	ref	0.1205318007774143	0.3723046734233368	0.7125198207357046
