#chr	start	end	mean_bad	id	max_cover	ref	alt	n_reps	bads	scorefiles	ref_counts	alt_counts	ref_es	alt_es	ref_pval	alt_pval	ref_comb_es	alt_comb_es	ref_comb_pval	alt_comb_pval	ref_fdr_comb_pval	alt_fdr_comb_pval	pref_allele	comb_es	comb_pval	fdr_comb_pval
chr16	46389973	46389974	3.0	rs4404093	21	C	G	2	3,3	ZNF322/ZNF322.AATA_AffSeq_A6_ZNF322.Cycle1.vcf.gz,ZNF322/ZNF322.AATA_AffSeq_A6_ZNF322.Cycle3.vcf.gz	5,5	14,16	-1.730737761178411,-1.9648095918444555	0.14901131426720005,0.34165639220959587	1.0,1.0	0.35775004626924606,0.292774411531144	-1.8477736765114328	0.2538904992542105	1.0	0.2733229984432472	1.0	0.5782360736296431	alt	0.2538904992542105	0.2733229984432472	0.5782360736296431
chr12	43436808	43436809	3.0	rs140973351	30	T	C	1	3	ZNF322/ZNF322.AATA_AffSeq_A6_ZNF322.Cycle3.vcf.gz	24	6	1.043231220295283	-2.282697229094847	0.08457918111415484	0.8883456772509235	1.043231220295283	-2.282697229094847	0.0845791811141548	0.8883456772509235	0.4228959055707741	0.999984403272236	ref	1.043231220295283	0.0845791811141548	0.4228959055707741
chr1	9316469	9316470	2.0	rs12734790	23	A	T	1	2	ZNF322/ZNF322.AATA_AffSeq_A6_ZNF322.Cycle3.vcf.gz	10	13	-0.6841066691470599	-0.16967935738505213	0.5584172531084016	0.34694164417778584	-0.6841066691470599	-0.1696793573850521	0.5584172531084016	0.3469416441777858	0.8514135174593958	0.5782360736296431	alt	-0.1696793573850521	0.3469416441777858	0.5782360736296431
chr3	5692717	5692718	5.0	rs7613263	25	A	G	1	5	ZNF322/ZNF322.AATA_AffSeq_A6_ZNF322.Cycle3.vcf.gz	18	7	-0.5658703578209288	-3.6292757070663133	0.675850849790682	0.9999844032722361	-0.5658703578209288	-3.629275707066313	0.675850849790682	0.999984403272236	0.8514135174593958	0.999984403272236	ref	-0.5658703578209288	0.675850849790682	0.8514135174593958
chr14	55547169	55547170	2.0	rs9796397	25	A	G	1	2	ZNF322/ZNF322.AATA_AffSeq_A6_ZNF322.Cycle3.vcf.gz	9	16	-0.9769312326613466	0.19304121067962088	0.6811308139675166	0.25519893606008737	-0.9769312326613466	0.1930412106796208	0.6811308139675166	0.2551989360600873	0.8514135174593958	0.5782360736296431	alt	0.1930412106796208	0.2551989360600873	0.5782360736296431
